"locus","short_name","name","chromosome","start","end","aliases","H10_variants","H55_variants","R5_variants"
"AT1G06670","NIH","nuclear DEIH-boxhelicase","Chr1",2040410,2047655,"NIH","2047587(G:T)","2041219(C:T), 2044523(G:A), 2045087(G:T)",NA
"AT1G16220","AT1G16220","","Chr1",5548262,5550770,"","5549886(G:T)","5550077(G:T)",NA
"AT1G29560","AT1G29560","","Chr1",10332371,10335714,"","10332695(A:G), 10334391(G:T), 10335236(A:T)","10333508(C:T), 10333556(G:T)",NA
"AT1G31360","RECQL2","RECQ helicase L2","Chr1",11232318,11237594,"ATRECQ2, MED34, RECQL2","11235672(G:T), 11236350(G:A)","11237288(C:T), 11237412(A:C)",NA
"AT1G54680","AT1G54680","","Chr1",20413012,20414574,"","20413950(G:T)","20414175(G:T)",NA
"AT1G60110","AT1G60110","","Chr1",22168424,22170803,"","22169423(T:C), 22169701(C:T), 22170154(G:T)","22170154(G:T)",NA
"AT1G61210","DWA3","DWD hypersensitive to ABA 3","Chr1",22564359,22572029,"DWA3, KTN80.2","22566292(G:T), 22566293(T:A), 22566294(A:C), 22568701(A:G)","22568354(G:T), 22569041(C:T), 22570151(C:T)",NA
"AT1G62570","FMO GS-OX4","flavin-monooxygenase glucosinolate S-oxygenase 4","Chr1",23168767,23172175,"FMO GS-OX4","23171231(G:T)","23171393(G:T)",NA
"AT1G68140","AT1G68140","","Chr1",25538924,25541823,"","25541733(A:C)","25538972(A:C)",NA
"AT1G75210","AT1G75210","","Chr1",28223836,28229082,"","28226689(G:T), 28226690(T:G)","28226689(G:T), 28226690(T:G)",NA
"AT2G21590","APL4","","Chr2",9238296,9242481,"APL4","9239471(G:T)","9239008(G:T), 9241848(TAGA:TA)",NA
"AT2G21830","AT2G21830","","Chr2",9303713,9306025,"","9304574(G:T)","9305627(G:T)",NA
"AT2G23360","AT2G23360","","Chr2",9948594,9952896,"","9950658(G:T)","9950565(G:T), 9952632(A:C)",NA
"AT2G32760","AT2G32760","","Chr2",13891537,13894767,"USL1, VPS38","13892048(T:C), 13892493(G:T)","13894396(G:T), 13894570(T:C)",NA
"AT2G33680","AT2G33680","","Chr2",14248057,14251936,"","14250979(G:T)","14248265(G:A), 14251147(G:T)",NA
"AT2G35700","ERF38","ERF family protein 38","Chr2",15005064,15006034,"ATERF38, ERF38","15005737(G:T)","15005763(G:T)",NA
"AT2G36960","TKI1","TSL-kinase interacting protein 1","Chr2",15522769,15527758,"TKI1","15525147(G:T)","15525094(C:T), 15526780(G:T)",NA
"AT2G45030","AT2G45030","","Chr2",18572191,18576970,"","18575367(G:T)","18574548(G:T), 18575363(G:A)",NA
"AT2G46810","AT2G46810","","Chr2",19239694,19242772,"MYC70","19241145(C:T), 19242289(G:T)","19241189(G:T)",NA
"AT2G47310","AT2G47310","","Chr2",19423589,19427277,"","19426951(G:T)","19426951(G:T)",NA
"AT3G01080","WRKY58","WRKY DNA-binding protein 58","Chr3",25355,27712,"ATWRKY58, WRKY58","26743(CATGATGATGATGATGATGATGATGA:CATGATGATGATGATGATGATGA), 27019(G:T)","27434(G:T)",NA
"AT3G09370","MYB3R-3","myb domain protein 3r-3","Chr3",2879353,2882396,"AtMYB3R3, MYB3R-3","2879993(G:T), 2880454(G:T), 2880456(T:C)","2879514(T:C), 2879516(G:T)",NA
"AT3G16230","AT3G16230","","Chr3",5500054,5503573,"","5501356(G:T)","5503502(G:T)",NA
"AT3G22180","AT3G22180","","Chr3",7827036,7830856,"","7828565(G:T), 7829150(A:T)","7827211(C:T), 7829035(C:T), 7829815(G:T)",NA
"AT3G49430","SR34a","Serine/Arginine-Rich Protein Splicing Factor 34a","Chr3",18331509,18335154,"At-SR34a, SR34a, SRp34a","18331713(G:T), 18331715(A:T), 18331737(C:G), 18332641(G:T)","18332227(C:T), 18332552(G:A), 18334105(C:T), 18334213(G:T)",NA
"AT3G57220","AT3G57220","","Chr3",21174395,21177194,"","21175557(G:T), 21176195(C:T)","21175015(T:C), 21175460(G:T)",NA
"AT3G59820","LETM1","leucine zipper-EF-hand-containing transmembrane protein 1","Chr3",22097979,22102224,"AtLETM1, LETM1","22099731(A:G), 22101525(G:A), 22102071(T:C), 22102073(A:C)","22102071(T:C), 22102073(A:C)",NA
"AT4G12850","AT4G12850","","Chr4",7536913,7539048,"FRF3","7537531(G:T)","7537197(A:C)",NA
"AT4G13290","CYP71A19","cytochrome P450, family 71, subfamily A, polypeptide 19","Chr4",7740283,7743135,"CYP71A19","7742677(G:T)","7741663(G:T)",NA
"AT4G24970","AT4G24970","","Chr4",12830915,12835949,"AtMORC7","12831062(C:T), 12834269(C:T), 12834270(A:C), 12834493(G:A)","12833464(G:T)",NA
"AT4G27040","VPS22","","Chr4",13572885,13575639,"VPS22","13574738(T:A), 13574941(A:T), 13574942(A:C), 13574944(C:T), 13574945(T:G)","13574941(A:T), 13574942(A:C), 13574944(C:T), 13574945(T:G)",NA
"AT4G32850","nPAP","nuclear poly(a) polymerase","Chr4",15849711,15855194,"nPAP, PAP(IV), PAPS4","15851793(G:A), 15851794(T:C), 15851797(A:C), 15851881(G:A)","15852017(G:T)",NA
"AT5G03100","AT5G03100","","Chr5",726779,728855,"","727470(G:T)","728274(C:T), 728316(G:C), 728564(G:T)",NA
"AT5G10940","ASG2","ALTERED SEED GERMINATION 2","Chr5",3448535,3454286,"ASG2","3448699(TACAACAACAACAACAACAACAA:TACAACAACAACAACAACAACAACAA), 3449690(C:A), 3450308(AATAT:AAT), 3452996(C:A), 3452997(T:G), 3452998(A:C), 3452999(C:T), 3453001(T:G), 3453002(G:T)","3448693(A:C)",NA
"AT5G12130","PDE149","PIGMENT DEFECTIVE 149","Chr5",3919428,3922485,"ATTERC, PDE149","3920644(T:C), 3921572(T:A), 3921573(A:C), 3922456(TG:T)","3922435(G:T), 3922442(C:T)",NA
"AT5G13750","ZIFL1","zinc induced facilitator-like 1","Chr5",4437804,4441701,"ZIFL1","4438989(T:G), 4438991(A:C)","4438419(C:T), 4441117(G:T), 4441355(T:C)",NA
"AT5G18650","AT5G18650","","Chr5",6217690,6220702,"MIEL1","6219650(G:T), 6219651(T:A)","6219650(G:T), 6219651(T:A)",NA
"AT5G19430","AT5G19430","","Chr5",6553703,6555954,"C3HC4","6554073(G:T)","6554910(G:T)",NA
"AT5G22120","AT5G22120","","Chr5",7334314,7337018,"","7336220(C:T), 7336221(A:C), 7336223(C:T)","7334508(G:T), 7336220(C:T), 7336221(A:C), 7336223(C:T)",NA
"AT5G37850","SOS4","SALT OVERLY SENSITIVE 4","Chr5",15065300,15069094,"ATSOS4, SOS4","15068070(G:T)","15067250(G:T)",NA
"AT5G38300","AT5G38300","","Chr5",15305847,15307008,"","15306121(A:T), 15306203(G:C), 15306621(G:T)","15306613(G:T)",NA
"AT5G39130","AT5G39130","","Chr5",15665502,15666472,"","15666046(G:T)","15666046(G:T)",NA
"AT5G43740","AT5G43740","","Chr5",17564697,17569148,"","17566352(G:T)","17567501(G:T)",NA
"AT5G58000","AT5G58000","","Chr5",23476731,23479598,"RTN21","23478047(G:T), 23478048(T:A), 23478049(T:G)","23478047(G:T), 23478048(T:A), 23478049(T:G)",NA
"AT5G64600","AT5G64600","","Chr5",25824997,25828185,"","25825203(G:A), 25825739(T:C), 25826069(G:T), 25826070(T:G), 25826071(G:T)","25826069(G:T)",NA
"AT5G66230","AT5G66230","","Chr5",26461152,26464171,"","26463690(G:T)","26463690(G:T), 26463744(C:T)",NA
"AT5G66840","AT5G66840","","Chr5",26692702,26695384,"","26693306(G:T), 26694107(A:G)","26693751(G:A), 26694618(G:T)",NA
